album,album
album,albums
album,disc
album,discs
drums,drum
drums,drums
drums,drummer
drums,drummers
drums,drummer player
drums,drummer players
drums,drumming
dynamics,dynamics
dynamics,loudness
ending,ending
ending,endings
ending,closing
ending,closure
ending,closures
ending,completion
ending,completions
ending,conclusion
ending,finale
ending,finales
guitars,guitar
guitars,guitars
guitars,guitar instrumental
guitars,guitar instrumentals
guitars,guitar player
guitars,guitar players
guitars,guitarist
guitars,guitarists
harmony,harmony
harmony,harmonies
harmony,chord
harmony,chords
harmony,consonance
harmony,consonances
harmony,dissonance
harmony,dissonances
harmony,progression
harmony,progressions
harmony,tonality
harmony,tonalities
instruments,instrument
instruments,instruments
instruments,instrument performance
instruments,instrument performances
instruments,instrumentalism
instruments,instrumentalisms
instruments,instrumentation
instruments,instrumentations
lyrics,lyric
lyrics,lyrics
lyrics,songwriting
melody,melody
melody,melodies
melody,crescendo
melody,crescendos
melody,decrescendo
melody,decrescendos
music_group,group
music_group,groups
music_group,band
music_group,bands
music_group,ensemble
music_group,ensembles
music_group,orchestra
music_group,orchestras
music_style,music style
music_style,music styles
music_style,musical style
music_style,musical styles
music_style,musical-style
music_style,musical-styles
music_style,music-style
music_style,music-styles
music_style,style
music_style,styles
musician,artist
musician,artists
musician,composer
musician,composers
musician,instrumentalist
musician,instrumentalists
musician,musician
musician,musicians
musician,player
musician,players
musician,song writer
musician,song writers
musician,songwriter
musician,songwriters
percussion,percussion
percussion,percussions
percussion,percussion instrument
percussion,percussion instruments
performance,performance
performance,performances
piano,piano
piano,pianos
piano,piano instrumental
piano,piano instrumentals
piano,piano player
piano,piano players
piano,pianist
piano,pianists
price,price
price,prices
price,pricing
price,budget
price,budgets
price,cost
price,costs
price,fee
price,fees
recording,record
recording,recording
recording,recordings
recording,records
rhythm,beats
rhythm,cadence
rhythm,cadences
rhythm,pacing
rhythm,polyrhythm
rhythm,rhythm
rhythm,rhythmic score
rhythm,rhythmic scores
rhythm,rhythms
rhythm,syncopation
rhythm,tempo
rhythm,tempos
singer,singer
singer,singers
singer,singer song writer
singer,singer song writers
singer,singer songwriter
singer,singer songwriters
singer,singer-song writer
singer,singer-song writers
singer,singer-songwriter
singer,singer-songwriters
singer,singing
singer,vocal
singer,vocals
singer,vocalist
singer,vocalists
singer,voice
singer,voices
singer,choir
singer,choirs
song,song
song,songs
song,composition
song,compositions
song,single
song,singles
song,soundtrack
song,soundtracks
song,track
song,tracks
sound,sound
sound,sounds
sound,sound effect
sound,sound effects
sound,sound-effect
sound,sound-effects
sound,sounding
sound,audio
sound,audio effect
sound,audio effects
sound,audio-effect
sound,audio-effects
sound,audios
sound,digital sound
sound,digital sounds
sound,digital-sound
sound,digital-sounds
start,start
start,starts
start,starting
start,begining
start,intro
start,intros
start,introduction
start,introductions
start,opener
start,opening
start,preamble
start,preambles
start,presentation
start,presentations
strings,string
strings,string instrument
strings,string instruments
strings,strings
texture,texture
texture,textures
texture,homophonic
texture,monophonic
texture,polyphonic
theme,theme
theme,themes
theme,matter
theme,matters
theme,message
theme,messages
theme,topic
theme,topics
timbre,timbre
timbre,timbres
timbre,register
timbre,registers
timbre,tone
timbre,tones
trumpets,trumpet
trumpets,trumpets
trumpets,trumpet player
trumpets,trumpet players
trumpets,trumpeter
trumpets,trumpeters
trumpets,trumpetist
trumpets,trumpetists
video,video
video,videos
video,video clip
video,video clips
video,videoclip
video,videoclips
video,music video
video,music videos
winds,wind
winds,winds
winds,wind instrument
winds,wind instruments
winds,wind player
winds,wind players
winds,woodwind
winds,woodwind instrument
winds,woodwind instruments
winds,woodwind player
winds,woodwind players
winds,woodwinds