appetizers,appetizer
appetizers,appetizers
appetizers,entree
appetizers,entrees
appetizers,starter
appetizers,starters
asian,asian
asian,curries
asian,curry
asian,noodle
asian,noodles
asian,sushi
asian,sushies
atmosphere,atmosphere
atmosphere,atmospheres
atmosphere,ambiance
atmosphere,ambiances
atmosphere,light
atmosphere,lighting
atmosphere,lights
atmosphere,music
bar,bar
bar,bars
bar,bartender
bar,bartenders
booking,booking
booking,book
booking,reservation
booking,reservations
booking,reserve
bread,bread
bread,breads
bread,roll
bread,rolls
breakfast,breakfast
breakfast,breakfasts
breakfast,morning
breakfast,mornings
breakfast,toast
breakfast,toasts
breakfast,moorning meal
breakfast,moorning menu
building,building
building,buildings
building,architecture
building,architectures
building,buildings
building,decor
building,decoration
building,decorations
building,furniture
building,furnitures
building,garden
building,gardens
building,hall
building,halls
building,lobbies
building,lobby
building,lounge
building,lounges
building,patio
building,patios
building,salon
building,salons
building,spot
building,spots
cheese,cheese
cheese,cheeses
cleanliness,cleanliness
cleanliness,clean
cleanliness,cleaned
cleanliness,cleaning
cleanliness,dirt
cleanliness,dirty
cleanliness,smell
coffee,coffee
coffee,coffees
coffee,cafe
coffee,cafes
coffee,tea
coffee,teas
desserts,dessert
desserts,desserts
desserts,cake
desserts,cakes
desserts,chocolate
desserts,chocolates
desserts,crust
desserts,crusts
desserts,pie
desserts,pies
dinner,dinner
dinner,dinners
dinner,evening meal
dinner,evening menu
dinner,night meal
dinner,night menu
drinks,drink
drinks,drinks
drinks,beer
drinks,beers
drinks,wine
drinks,wines
eggs,egg
eggs,eggs
food,food
food,foods
food,food qualities
food,food quality
food,ingredient
food,ingredients
food,quality
food,qualities
food_quantity,food quantity
food_quantity,food quantities
food_quantity,portion
food_quantity,portions
food_taste,taste
food_taste,tastes
food_taste,tasted
food_taste,flavor
food_taste,flavorful
food_taste,flavoring
food_taste,flavors
food_taste,flavours
hamburgers,hamburger
hamburgers,hamburgers
hamburgers,burger
hamburgers,burgers
hamburgers,sandwich
hamburgers,sandwiches
italian,italian
italian,pasta
italian,pastas
italian,pizza
italian,pizzas
location,location
location,locations
location,beach
location,beaches
location,environment
location,environments
location,lake
location,lakes
location,landscape
location,landscapes
location,mountain
location,mountains
location,neighborhood
location,neighborhoods
location,neighbourhood
location,neighbourhoods
location,river
location,rivers
location,situation
location,situations
location,street
location,streets
location,surrounding
location,surroundings
location,tree
location,trees
location,valley
location,valleys
location,view
location,views
lunch,lunch
lunch,lunches
lunch,afternoon meal
lunch,afternoon menu
lunch,noon meal
lunch,noon menu
meat,meat
meat,meats
meat,beef
meat,beefs
meat,chicken
meat,chickens
meat,pork
meat,porks
meat,rib   
meat,ribs
meat,steak
meat,steaks
meat,wing
meat,wings
menu,menu
menu,menus
menu,buffet
menu,buffets
menu,cuisines
menu,dish
menu,dishes
menu,meal
menu,meals
menu,plate
menu,plates
menu,varieties
menu,variety
mexican,mexican
mexican,burrito
mexican,burritos
mexican,chili
mexican,chilis
mexican,nacho
mexican,nachos
mexican,taco
mexican,tacos
parking,parking
parking,parkings
potatoes,potato
potatoes,potatoes
potatoes,chip
potatoes,chips
potatoes,frie
potatoes,fries
price,price
price,prices
price,priced
price,pricing
price,budget
price,budgets
price,charge
price,cost
price,costs
price,fee
price,fees
price,money
restrooms,bathroom
restrooms,bathrooms
restrooms,restroom
restrooms,restrooms
restrooms,toilet
restrooms,toilets
rice,rice
rice,rices
sauces,salsa
sauces,salsas
sauces,sauce
sauces,sauces
seafood,seafood
seafood,seafoods
seafood,fish
seafood,fishes
seafood,cod
seafood,cods
seafood,salmon
seafood,salmons
seafood,shrimp
seafood,shrimps
seating,seating
seating,seat
seating,seats
seating,sit
seating,sitting
seating,chair
seating,chairs
seating,comfort
seating,comforts
seating,couch
seating,couches
seating,table
seating,tables
service,service
service,serving
service,servings
service,server
service,servers
service,attention
service,attentions
service,attitude
service,attitudes
shopping,shopping
shopping,shop
shopping,shops
shopping,store
shopping,stores
shopping,boutique
shopping,boutiques
shopping,mall
shopping,malls
soups,soup
soups,soups
staff,staff
staff,worker
staff,workers
staff,boss
staff,bosses
staff,cashier
staff,chef
staff,chefs
staff,employee
staff,employees
staff,hostess
staff,manager
staff,managers
staff,owner
staff,owners
staff,patron
staff,patrons
staff,waiter
staff,waiters
staff,waitress
staff,waitresses
staff,waitstaff
temperature,temperature
temperature,temperatures
transportation,transportation
transportation,transportations
transportation,transport
transportation,bus
transportation,buses
transportation,cap
transportation,caps
transportation,car
transportation,cars
transportation,metro
transportation,metros
transportation,shuttle
transportation,shuttles
transportation,subway
transportation,subways
transportation,taxi
transportation,taxis
transportation,train
transportation,trains
transportation,tube
transportation,tubes
transportation,vehicle
transportation,vehicles
vegetables,vegetable
vegetables,vegetables
vegetables,bean
vegetables,beans
vegetables,corn
vegetables,corns
vegetables,onion
vegetables,onions
vegetables,pepper
vegetables,peppers
vegetables,salad
vegetables,salads
vegetables,tomato
vegetables,tomatoes