appearance,appearance
appearance,appearances
appearance,color
appearance,colors
appearance,colour
appearance,colours
appearance,design
appearance,designs
appearance,look
appearance,looking
appearance,looks
appearance,style
appearance,styles
appearance,visual qualities
appearance,visual quality
appearance,visual-qualities
appearance,visual-quality
battery,battery
battery,batteries
battery,battery duration
battery,battery life
battery,life
buttons,button
buttons,buttons
buttons,control
buttons,controller
buttons,controllers
buttons,controls
camera,camera
camera,cameras
camera,front camera
camera,front cameras
camera,photo
camera,photos
camera,picture
camera,pictures
camera,rear camera
camera,rear cameras
camera,recording
camera,recordings
camera,video
camera,videos
charger,charge
charger,charger
charger,chargers
charger,charges
charger,charging
charger,charging port
charger,charging ports
charger,phone charging
charger,power
charger,power source
charger,power sources
charger,recharge
charger,recharges
configuration,configuration
configuration,configurations
configuration,adjustment
configuration,adjustments
configuration,install
configuration,installation
configuration,installations
connectivity,connectivity
connectivity,connectivities
connectivity,3g
connectivity,4g
connectivity,bluetooth
connectivity,connection
connectivity,connections
connectivity,gps
connectivity,internet
connectivity,network
connectivity,network connection
connectivity,network connections
connectivity,wi fi
connectivity,wifi
connectivity,wi-fi
connectivity,wireless
connectors,connector
connectors,connectors
connectors,adapter
connectors,adapters
connectors,cable
connectors,cables
connectors,hdmi
connectors,jack
connectors,jacks
connectors,port
connectors,ports
connectors,usb
connectors,vga
earphones_speaker,ear phone
earphones_speaker,ear phones
earphones_speaker,earphone
earphones_speaker,ear-phone
earphones_speaker,earphones
earphones_speaker,ear-phones
earphones_speaker,head phone
earphones_speaker,head phones
earphones_speaker,headphone
earphones_speaker,head-phone
earphones_speaker,headphones
earphones_speaker,head-phones
earphones_speaker,headset
earphones_speaker,headsets
earphones_speaker,speaker
earphones_speaker,speakers
memory,memory
memory,memories
memory,capacity
memory,capacities
memory,ram
memory,storage
memory,storages
microphone,mic
microphone,microphone
microphone,microphones
price,price
price,prices
price,pricing
price,budget
price,budgets
price,cost
price,costs
price,fee
price,fees
processor,processor
processor,processors
processor,cpu
processor,cpus
protector,case
protector,cases
protector,cover
protector,covers
protector,protection
protector,protections
protector,protector
protector,protectors
protector,screen protection
protector,screen protections
protector,screen protector
protector,screen protectors
protector,shell
protector,shells
screen,screen
screen,screens
screen,display
screen,displays
screen,image quality
screen,image qualities
screen,image resolution
screen,image resolutions
screen,resolution
screen,resolutions
size,size
size,sizes
size,dimension
size,dimensions
size,height
size,heights
size,width
size,widths
sound,sound
sound,sounds
sound,sound quality
sound,sound qualities
sound,bass
sound,noise
sound,noises
sound,volume
sound,volumes
usage,usage
usage,usages
usage,use
usage,uses
weight,weight
weight,weights